Epoch,Train_MSE,Val_MSE,Learning_Rate
1,0.004636441454706717,0.0010140974002288874,0.0007
2,0.0002785891189494572,8.485834404292882e-05,0.0007
3,0.00011085651437141122,5.494148955273873e-05,0.0007
4,8.832253015912869e-05,9.707583376932356e-05,0.0007
5,7.071275996604732e-05,8.515420725222828e-05,0.0007
6,6.090267573301034e-05,3.0790913076688384e-05,0.0007
7,5.798386292677186e-05,2.6431626332220668e-05,0.0007
8,5.030996725326581e-05,2.1586122670093972e-05,0.0007
9,4.793233691937749e-05,0.0001568902706531695,0.0007
10,4.531082937362425e-05,5.304113092563449e-05,0.0007
11,4.266921244584978e-05,3.2455193574436706e-05,0.0007
12,4.250441257475645e-05,8.94652781260285e-06,0.0007
13,4.117230905346648e-05,7.6029086286757e-06,0.0007
14,3.700799768072617e-05,8.209527031961896e-05,0.0007
15,4.083204157440275e-05,1.5503079292978962e-05,0.0007
16,3.743743050326585e-05,1.9860996088649944e-05,0.0007
17,3.5936532615859494e-05,4.8822353910529275e-05,0.0007
18,3.413028874756457e-05,1.5274154576061193e-05,0.0007
19,3.3864978222499355e-05,9.331647484473387e-06,0.0007
20,3.4290899842100754e-05,4.399999930514115e-05,0.0007
21,3.475645403982824e-05,1.0365216121793703e-05,0.0007
22,3.271984230934846e-05,1.8305737745944743e-05,0.0007
23,3.437817984398838e-05,3.5881172481420216e-05,0.0007
24,3.3231932696734266e-05,1.8910100993682588e-05,0.0007
25,3.194738522236333e-05,3.4215597899508234e-05,0.0007
26,3.027750469580914e-05,2.2240324683953396e-05,0.0007
27,3.1517934216125e-05,2.3720727452263696e-05,0.0007
28,3.05945694662148e-05,9.760761142760422e-06,0.0007
29,3.132753423985101e-05,2.7258161307152205e-05,0.00041999999999999996
30,1.0564933926788395e-05,2.604092093185487e-05,0.00041999999999999996
31,1.1545332112318993e-05,1.6999855156184524e-05,0.00041999999999999996
32,1.1337195088402078e-05,1.2769494238298997e-05,0.00041999999999999996
33,1.1315010046237445e-05,4.066051367790171e-06,0.00041999999999999996
34,1.1331030564798726e-05,9.720885839332607e-06,0.00041999999999999996
35,1.1147173709351694e-05,8.547649680320107e-06,0.00041999999999999996
36,1.1034284735025235e-05,1.8692093391362802e-05,0.00041999999999999996
37,1.1283237499996061e-05,6.7567969973945906e-06,0.00041999999999999996
38,1.1019575817628121e-05,9.294626977343927e-06,0.00041999999999999996
39,1.0889273618054756e-05,2.3063891103357483e-06,0.00041999999999999996
40,1.0316709943227112e-05,1.057267175728246e-05,0.00041999999999999996
41,1.128449745441785e-05,1.7267648775990307e-06,0.00041999999999999996
42,1.0038081110787748e-05,8.855125394909656e-06,0.00041999999999999996
43,1.0705631858657996e-05,2.8041446576436142e-06,0.00041999999999999996
44,1.056994313671845e-05,4.424614139700773e-06,0.00041999999999999996
45,1.0937695643576445e-05,4.914786758353589e-06,0.00041999999999999996
46,1.0650314954648631e-05,2.2651914692003197e-06,0.00041999999999999996
47,1.0418393019723563e-05,8.230370957184672e-06,0.00041999999999999996
48,1.0531728226519957e-05,1.4728487458378008e-05,0.00041999999999999996
49,1.0344053872353968e-05,3.5067120255650816e-06,0.00041999999999999996
50,9.973152604772051e-06,2.0160918821231336e-05,0.00041999999999999996
51,1.0075427725148976e-05,8.058417792599397e-06,0.00041999999999999996
52,1.0731439429383912e-05,1.135356225715863e-05,0.00041999999999999996
53,1.0613219613285524e-05,1.6611279481281045e-05,0.00041999999999999996
54,9.937923814880122e-06,4.954212636029096e-06,0.00041999999999999996
55,1.0595536530261936e-05,3.406274096382946e-06,0.00041999999999999996
56,1.0086484735077518e-05,1.684884227422254e-05,0.00041999999999999996
57,1.0917066402420687e-05,1.9278378852731952e-05,0.00025199999999999995
58,3.6217100745421543e-06,2.5931367294930616e-06,0.00025199999999999995
59,4.036548758130508e-06,2.2175584374786266e-06,0.00025199999999999995
60,4.011392942534438e-06,7.0088377151548235e-06,0.00025199999999999995
61,4.036647834609955e-06,6.784450403821672e-06,0.00025199999999999995
62,3.8127611813407557e-06,1.1082386962037006e-06,0.00025199999999999995
63,3.8401332336806185e-06,3.0330792502790835e-06,0.00025199999999999995
64,4.091333758630073e-06,2.266310178058022e-06,0.00025199999999999995
65,3.940364033325431e-06,3.5586413639983947e-06,0.00025199999999999995
66,3.7355184743612205e-06,3.3965559327107627e-06,0.00025199999999999995
67,3.8556852572627975e-06,3.485311905836433e-06,0.00025199999999999995
68,3.84806035067198e-06,2.4766792039502447e-06,0.00025199999999999995
69,3.809925377887441e-06,7.873153021195145e-06,0.00025199999999999995
70,4.0737098513062015e-06,2.4542097258951454e-06,0.00025199999999999995
71,3.7293343331389705e-06,1.505186922948247e-06,0.00025199999999999995
72,3.7407126312226822e-06,1.1235168880549663e-06,0.00025199999999999995
73,3.7042593469189435e-06,3.470530989079184e-06,0.00025199999999999995
74,3.774818869120725e-06,6.226165169229719e-06,0.00025199999999999995
75,3.7104902276968194e-06,3.610859820445771e-06,0.00025199999999999995
76,3.503157150368149e-06,3.046046415017559e-06,0.00025199999999999995
77,3.8016035714408926e-06,6.689727164158616e-07,0.00025199999999999995
78,3.7263805312395064e-06,6.5964001186079146e-06,0.00025199999999999995
79,3.700226082885237e-06,1.8584818545165992e-06,0.00025199999999999995
80,3.881826002021497e-06,1.728934698523489e-06,0.00025199999999999995
81,3.551438935139351e-06,8.918846522034739e-07,0.00025199999999999995
82,3.786349214609847e-06,2.7843483114170504e-06,0.00025199999999999995
83,3.7937361907523922e-06,5.88249688149213e-07,0.00025199999999999995
84,3.514798566123502e-06,1.9442782322369e-05,0.00025199999999999995
85,3.6859578850446704e-06,1.7671761744729484e-06,0.00025199999999999995
86,3.7034735233205486e-06,2.945805654443414e-06,0.00025199999999999995
87,3.512019058231392e-06,4.4896250331509055e-06,0.00025199999999999995
88,3.7619981148050484e-06,2.047841057184288e-06,0.00025199999999999995
89,3.540172070958763e-06,3.1375569751427044e-06,0.00025199999999999995
90,3.546152068626305e-06,7.266368414446642e-06,0.00025199999999999995
91,3.7681894449316787e-06,3.035833479405901e-06,0.00025199999999999995
92,3.6404123721215275e-06,2.5752159521203238e-06,0.00025199999999999995
93,3.618545079675089e-06,7.929661833801455e-06,0.00025199999999999995
94,3.8032849665173114e-06,1.1890299542282854e-05,0.00025199999999999995
95,3.972177256744268e-06,1.4743831222244883e-05,0.00025199999999999995
96,3.352549836431452e-06,1.4846367647184554e-06,0.00025199999999999995
97,3.776815994897503e-06,3.491434188185624e-06,0.00025199999999999995
98,3.7590738723808843e-06,3.1192102738350115e-06,0.00025199999999999995
99,3.631388704400511e-06,5.575560467097825e-07,0.00025199999999999995
100,3.873812112309688e-06,5.697330574220008e-07,0.00025199999999999995
101,3.318844025623204e-06,2.545854525317119e-06,0.00025199999999999995
102,3.745979272919137e-06,1.4751171471205081e-06,0.00025199999999999995
103,3.610996939082499e-06,1.0167856964518893e-06,0.00025199999999999995
104,3.4562908466439016e-06,4.939594941277249e-06,0.00025199999999999995
105,3.735587696645765e-06,4.78274545083076e-06,0.00025199999999999995
106,3.694790777214535e-06,1.767681679144282e-06,0.00025199999999999995
107,3.6818943668082252e-06,8.599312542646977e-06,0.00025199999999999995
108,3.6601068755460423e-06,8.110373266462564e-06,0.00025199999999999995
109,3.690584917492961e-06,1.598357117226781e-06,0.00025199999999999995
110,3.759356371816347e-06,4.579264491248868e-06,0.00025199999999999995
111,3.498126351994035e-06,7.997728575236058e-06,0.00025199999999999995
112,3.5401530348067003e-06,5.1317527966711e-06,0.00025199999999999995
113,3.652474306753823e-06,7.320568237889664e-06,0.00025199999999999995
114,3.6546143951110434e-06,2.625228129795712e-06,0.00025199999999999995
115,3.4752644475000657e-06,4.29159212578397e-06,0.00015119999999999996
116,1.3371486348965307e-06,9.24764782003037e-07,0.00015119999999999996
117,1.3786153018768616e-06,6.348875015084321e-07,0.00015119999999999996
118,1.3834096825606921e-06,9.756245969755781e-07,0.00015119999999999996
119,1.414044989983237e-06,1.4550453324352887e-06,0.00015119999999999996
120,1.353960687416358e-06,5.969785980227297e-07,0.00015119999999999996
121,1.4472360992009866e-06,1.4972099252575884e-06,0.00015119999999999996
122,1.3977017805303776e-06,3.516473426765469e-06,0.00015119999999999996
123,1.3374221787348854e-06,1.255642863493244e-06,0.00015119999999999996
124,1.426642732192543e-06,3.31288941210279e-06,0.00015119999999999996
125,1.3461236993407404e-06,1.2328001125516925e-06,0.00015119999999999996
126,1.3298494466024308e-06,7.819622553199867e-07,0.00015119999999999996
127,1.4090343689539346e-06,6.957648932920504e-07,0.00015119999999999996
128,1.3426466735357505e-06,1.983032458588466e-06,0.00015119999999999996
129,1.3393579155440992e-06,1.4426554859927569e-06,0.00015119999999999996
130,1.366733096547247e-06,4.237900205974149e-07,0.00015119999999999996
131,1.4235535320394963e-06,2.691891317625908e-07,0.00015119999999999996
132,1.3031779538729217e-06,1.2973211969308054e-06,0.00015119999999999996
133,1.3313420753980622e-06,1.5765481088772012e-06,0.00015119999999999996
134,1.3359090845388687e-06,1.162362069617232e-06,0.00015119999999999996
135,1.3296909309166536e-06,3.3644074232477065e-07,0.00015119999999999996
136,1.2842329824163204e-06,7.546504111875044e-07,0.00015119999999999996
137,1.347609417111986e-06,2.40860850970659e-06,0.00015119999999999996
138,1.3559384571466662e-06,1.722948559870987e-06,0.00015119999999999996
139,1.322014430880936e-06,6.125077866817774e-07,0.00015119999999999996
140,1.3387486523922485e-06,5.206115286675935e-07,0.00015119999999999996
141,1.3458974466109436e-06,3.143054566838689e-06,0.00015119999999999996
142,1.3293934223748966e-06,3.9086115645751495e-07,0.00015119999999999996
143,1.2899901298079773e-06,2.401516601513473e-06,0.00015119999999999996
144,1.342097515726929e-06,4.189562115642178e-07,0.00015119999999999996
145,1.2803209198330607e-06,2.2200696809451683e-06,0.00015119999999999996
146,1.3086762100639315e-06,7.162943668778364e-07,0.00015119999999999996
147,1.3066164792860535e-06,4.303424889975558e-06,9.071999999999997e-05
148,5.143759304315937e-07,4.057722788333018e-07,9.071999999999997e-05
149,5.561127234193732e-07,4.446807940071412e-07,9.071999999999997e-05
150,5.256166117947744e-07,9.042970092472051e-07,9.071999999999997e-05
151,5.782435811538314e-07,2.5838372526541044e-07,9.071999999999997e-05
152,5.400551659053962e-07,5.190729665587146e-07,9.071999999999997e-05
153,5.513055747820738e-07,3.399788282011905e-07,9.071999999999997e-05
154,5.394340420371655e-07,2.782197760338046e-06,9.071999999999997e-05
155,5.485287167645903e-07,6.674799569339217e-07,9.071999999999997e-05
156,5.331659475021798e-07,3.9638404077442343e-07,9.071999999999997e-05
157,5.417450491672532e-07,8.863706615646069e-07,9.071999999999997e-05
158,5.250191397676449e-07,6.036695735764153e-07,9.071999999999997e-05
159,5.335866169898311e-07,2.766001654791411e-07,9.071999999999997e-05
160,5.301594035426215e-07,2.703411279670414e-07,9.071999999999997e-05
161,5.430802843803887e-07,9.477917229576271e-07,9.071999999999997e-05
162,5.138982326492089e-07,2.939400015505224e-07,9.071999999999997e-05
163,5.230154952194393e-07,1.8497471092855543e-07,9.071999999999997e-05
164,5.215901758338439e-07,8.268055825782499e-07,9.071999999999997e-05
165,5.388477491537529e-07,5.339117759320146e-07,9.071999999999997e-05
166,5.443731074723163e-07,5.524409826324304e-07,9.071999999999997e-05
167,5.387774704030431e-07,2.7106660720096617e-07,9.071999999999997e-05
168,5.059099083009903e-07,2.2225702380273115e-07,9.071999999999997e-05
169,5.100563091259376e-07,1.1671437570871788e-06,9.071999999999997e-05
170,5.16136722502702e-07,3.005781199627294e-07,9.071999999999997e-05
171,5.044987078433289e-07,7.900261186194865e-07,9.071999999999997e-05
172,5.387886003887428e-07,3.202212645995486e-07,9.071999999999997e-05
173,5.037255598892247e-07,2.2667863575179832e-07,9.071999999999997e-05
174,5.183700220535798e-07,2.8916408522830293e-07,9.071999999999997e-05
175,5.039730525613602e-07,2.4934054806598165e-07,9.071999999999997e-05
176,5.227883781136806e-07,7.0831045519945e-07,9.071999999999997e-05
177,5.060180888610886e-07,1.1462481301104502e-06,9.071999999999997e-05
178,5.133112192030663e-07,1.158038560572437e-06,9.071999999999997e-05
179,4.99656275164944e-07,1.9138016529997894e-07,5.443199999999998e-05
180,2.1303554609979954e-07,3.126677917003786e-07,5.443199999999998e-05
181,2.2837082392825104e-07,2.0095743432003454e-07,5.443199999999998e-05
182,2.2965143924949877e-07,1.5301272687908307e-07,5.443199999999998e-05
183,2.348996791482254e-07,1.8706752219537366e-07,5.443199999999998e-05
184,2.2656938179230782e-07,2.1144400107410133e-07,5.443199999999998e-05
185,2.254347476072877e-07,7.064402002335087e-07,5.443199999999998e-05
186,2.1907808835100026e-07,3.305271112223258e-07,5.443199999999998e-05
187,2.2663775654306287e-07,2.070543782346318e-07,5.443199999999998e-05
188,2.2282889416240502e-07,2.4242317495154124e-07,5.443199999999998e-05
189,2.3598630701345462e-07,1.6727816763591488e-07,5.443199999999998e-05
190,2.1579928287346999e-07,2.7670184509539556e-07,5.443199999999998e-05
191,2.2319353251609437e-07,1.0080989721446323e-07,5.443199999999998e-05
192,2.264790724943739e-07,8.619397293547472e-08,5.443199999999998e-05
193,2.212437155968564e-07,1.929190079023017e-07,5.443199999999998e-05
194,2.2848827580426257e-07,2.73042048866646e-07,5.443199999999998e-05
195,2.2354341824668907e-07,1.7728919815520277e-07,5.443199999999998e-05
196,2.2014518775546986e-07,2.671207158071229e-07,5.443199999999998e-05
197,2.2324014342567976e-07,3.070595260257082e-07,5.443199999999998e-05
198,2.1326243810656765e-07,1.0503431974957314e-06,5.443199999999998e-05
199,2.1726834124001587e-07,1.5118928216459585e-07,5.443199999999998e-05
200,2.1320688058961588e-07,2.025745257177521e-07,5.443199999999998e-05
201,2.1822591391080454e-07,4.658992992731713e-07,5.443199999999998e-05
202,2.1413733259443573e-07,1.247046014734776e-07,5.443199999999998e-05
203,2.163989771926454e-07,1.898713432143514e-07,5.443199999999998e-05
204,2.10041297254314e-07,3.2295780248456256e-07,5.443199999999998e-05
205,2.2149708483671834e-07,1.6375179036941338e-07,5.443199999999998e-05
206,2.1176347975560496e-07,8.052620927032271e-08,5.443199999999998e-05
207,2.2542634419076828e-07,1.238566596358007e-07,5.443199999999998e-05
208,2.04846455498962e-07,1.5670242582020045e-07,5.443199999999998e-05
209,2.1514137723306156e-07,1.7892570973708542e-07,5.443199999999998e-05
210,2.1528836146331408e-07,2.4057719353722147e-07,5.443199999999998e-05
211,2.0821174730843537e-07,1.9932723327070458e-07,5.443199999999998e-05
212,2.1627881722852475e-07,4.77852720058292e-07,5.443199999999998e-05
213,2.0538522762823937e-07,1.7327579376349082e-07,5.443199999999998e-05
214,2.0997401766337866e-07,1.5385168593293873e-07,5.443199999999998e-05
215,2.0656099728810228e-07,9.936046127845242e-08,5.443199999999998e-05
216,2.1121524312829956e-07,1.482350623559641e-07,5.443199999999998e-05
217,2.074214370874604e-07,1.717458857919224e-07,5.443199999999998e-05
218,2.100025680971423e-07,2.175814907250052e-07,5.443199999999998e-05
219,2.0130725150327942e-07,1.0545308827106977e-07,5.443199999999998e-05
220,2.0298567915985896e-07,1.580709703142133e-07,5.443199999999998e-05
221,2.097418337060713e-07,1.8077495105456548e-07,5.443199999999998e-05
222,2.13146460197399e-07,1.2174351418685363e-07,3.265919999999999e-05
223,9.63844223869631e-08,1.1719440348471987e-07,3.265919999999999e-05
224,1.0376233845995867e-07,2.4942974665742786e-07,3.265919999999999e-05
225,1.0322513002578725e-07,7.190830626230937e-08,3.265919999999999e-05
226,1.0326028551751046e-07,1.0237991988006879e-07,3.265919999999999e-05
227,1.0247649510903382e-07,1.807393441666484e-07,3.265919999999999e-05
228,1.0549320115146944e-07,5.8712103212069256e-08,3.265919999999999e-05
229,1.0093110515471068e-07,8.285860219018621e-08,3.265919999999999e-05
230,1.0071104224649998e-07,1.6966790432098025e-07,3.265919999999999e-05
231,1.034624132583283e-07,3.073818802787204e-07,3.265919999999999e-05
232,1.0200831992709876e-07,9.571841464043149e-08,3.265919999999999e-05
233,1.0389693406820919e-07,9.766209122755846e-08,3.265919999999999e-05
234,9.936173828406968e-08,1.2289801987416305e-07,3.265919999999999e-05
235,1.017382640858119e-07,5.5464769586404684e-08,3.265919999999999e-05
236,1.0174380932107813e-07,1.1479055776025723e-07,3.265919999999999e-05
237,9.84992373594443e-08,1.0912769348274961e-07,3.265919999999999e-05
238,1.0099801790410575e-07,6.34791803419462e-08,3.265919999999999e-05
239,9.901173343132882e-08,7.445333110631764e-08,3.265919999999999e-05
240,9.676811421543253e-08,7.673397907740797e-08,3.265919999999999e-05
241,9.857778673762713e-08,7.835097021421557e-08,3.265919999999999e-05
242,9.838981004124445e-08,1.9996589008778165e-07,3.265919999999999e-05
243,9.829244737407599e-08,9.28339419195452e-08,3.265919999999999e-05
244,9.826790688553235e-08,8.302300549763504e-08,3.265919999999999e-05
245,9.590998456357514e-08,1.1073218159271894e-07,3.265919999999999e-05
246,9.569948029154236e-08,6.396021005413793e-08,3.265919999999999e-05
247,9.712774056420978e-08,1.3258295912732642e-07,3.265919999999999e-05
248,9.501553831718827e-08,5.9196714127248495e-08,3.265919999999999e-05
249,9.563412324679371e-08,8.723345730948203e-08,3.265919999999999e-05
250,9.608640567165373e-08,5.881892352487956e-08,3.265919999999999e-05
251,9.832493912447544e-08,6.261438098210757e-08,1.959551999999999e-05
252,5.280005586228637e-08,5.556610757283627e-08,1.959551999999999e-05
253,5.5152352131522217e-08,4.8571033712101624e-08,1.959551999999999e-05
254,5.561889986573772e-08,7.789830141741776e-08,1.959551999999999e-05
255,5.61114597601281e-08,4.7059328036752095e-08,1.959551999999999e-05
256,5.504400911174899e-08,4.586982395859936e-08,1.959551999999999e-05
257,5.55888107586352e-08,3.821270750696171e-08,1.959551999999999e-05
258,5.573883036972636e-08,6.880495781227076e-08,1.959551999999999e-05
259,5.369799629194565e-08,6.005657060994372e-08,1.959551999999999e-05
260,5.391709168768866e-08,3.810270471855946e-08,1.959551999999999e-05
261,5.3915919444601984e-08,3.2132697612510746e-08,1.959551999999999e-05
262,5.372105253225884e-08,5.1620095022185866e-08,1.959551999999999e-05
263,5.377618622863807e-08,4.692358069999923e-08,1.959551999999999e-05
264,5.327815088412947e-08,5.444445499198483e-08,1.959551999999999e-05
265,5.378128260489934e-08,3.6588706326366026e-08,1.959551999999999e-05
266,5.355708119311711e-08,3.610352033354085e-08,1.959551999999999e-05
267,5.3512616937806346e-08,3.569294269974788e-08,1.959551999999999e-05
268,5.354480295851865e-08,5.6611867412009556e-08,1.959551999999999e-05
269,5.293435909731409e-08,5.6170261760260874e-08,1.959551999999999e-05
270,5.304397182466342e-08,5.583982310570981e-08,1.959551999999999e-05
271,5.3215063967625346e-08,6.38592392719086e-08,1.959551999999999e-05
272,5.21733410371721e-08,4.2140461647840123e-08,1.959551999999999e-05
273,5.245961959736768e-08,5.2233414251848864e-08,1.959551999999999e-05
274,5.243247059920726e-08,3.880848659813601e-08,1.959551999999999e-05
275,5.131151720189216e-08,5.546862835443073e-08,1.959551999999999e-05
276,5.204998267518533e-08,5.899044953845944e-08,1.959551999999999e-05
277,5.298161175041067e-08,3.5345401901415495e-08,1.1757311999999994e-05
278,3.390910024152362e-08,3.4621565164707285e-08,1.1757311999999994e-05
279,3.489629056759188e-08,2.8576356792157238e-08,1.1757311999999994e-05
280,3.51074288802559e-08,4.243502892945643e-08,1.1757311999999994e-05
281,3.437255442802937e-08,3.427546308084161e-08,1.1757311999999994e-05
282,3.41968818771794e-08,3.417554515013393e-08,1.1757311999999994e-05
283,3.45931449992211e-08,2.8687507082329902e-08,1.1757311999999994e-05
284,3.452722514998014e-08,3.694785174261482e-08,1.1757311999999994e-05
285,3.4378451396223246e-08,3.776663363978379e-08,1.1757311999999994e-05
286,3.439262191778357e-08,3.0748471378582984e-08,1.1757311999999994e-05
287,3.4128843025341645e-08,4.234223976426944e-08,1.1757311999999994e-05
288,3.375313986897549e-08,3.3970096394632614e-08,1.1757311999999994e-05
289,3.353515519300605e-08,2.9319709700913147e-08,1.1757311999999994e-05
290,3.376106316080703e-08,4.392581621950505e-08,1.1757311999999994e-05
291,3.405825637108865e-08,2.7167982366029178e-08,1.1757311999999994e-05
292,3.347290284557298e-08,3.1848267466305684e-08,1.1757311999999994e-05
293,3.360664782611892e-08,2.8988823146782788e-08,1.1757311999999994e-05
294,3.332631098295114e-08,2.7392826943788168e-08,1.1757311999999994e-05
295,3.339319310753813e-08,3.893480968850522e-08,1.1757311999999994e-05
296,3.3255009280874936e-08,4.2350866558769805e-08,1.1757311999999994e-05
297,3.3119223141932006e-08,3.533216611657039e-08,1.1757311999999994e-05
298,3.3033561569587384e-08,2.935044030248569e-08,1.1757311999999994e-05
299,3.306311253401725e-08,4.1889982299926585e-08,1.1757311999999994e-05
300,3.214093245668016e-08,4.97452541183138e-08,1.1757311999999994e-05
301,3.2711803921043876e-08,2.574695952452847e-08,1.1757311999999994e-05
302,3.229864279622238e-08,4.275202079920561e-08,1.1757311999999994e-05
303,3.250219948194629e-08,3.7439180398652205e-08,1.1757311999999994e-05
304,3.262721386471066e-08,2.705548491181185e-08,1.1757311999999994e-05
305,3.2335604149181843e-08,3.314776012691487e-08,1.1757311999999994e-05
306,3.1687264028929136e-08,4.494133790794911e-08,1.1757311999999994e-05
307,3.251269722175671e-08,2.7949296912334445e-08,1.1757311999999994e-05
308,3.163978259183301e-08,2.183184849132319e-08,1.1757311999999994e-05
309,3.195122564468845e-08,4.923868131977462e-08,1.1757311999999994e-05
310,3.184834433215409e-08,7.20815687278982e-08,1.1757311999999994e-05
311,3.186209495832541e-08,3.0201734069363015e-08,1.1757311999999994e-05
312,3.1109153147018447e-08,2.8358204436672937e-08,1.1757311999999994e-05
313,3.173296974447562e-08,2.7936119357943902e-08,1.1757311999999994e-05
314,3.178064548037301e-08,2.3743828629946022e-08,1.1757311999999994e-05
315,3.102529983319332e-08,3.2635630257341086e-08,1.1757311999999994e-05
316,3.131702658716327e-08,4.256136919000878e-08,1.1757311999999994e-05
317,3.14990716759208e-08,2.9656487658447256e-08,1.1757311999999994e-05
318,3.184007464754961e-08,3.458209272532445e-08,1.1757311999999994e-05
319,3.0836489605746255e-08,3.697396373149936e-08,1.1757311999999994e-05
320,3.1251682787114557e-08,3.6031841633445305e-08,1.1757311999999994e-05
321,3.088765026294684e-08,4.39387152402677e-08,1.1757311999999994e-05
322,3.123540146003025e-08,2.8408501688843747e-08,1.1757311999999994e-05
323,3.091900540800393e-08,2.7404233635452723e-08,1.1757311999999994e-05
324,3.0634559024794584e-08,2.5964293030365593e-08,7.0543871999999965e-06
325,2.302877218066691e-08,2.694301526476656e-08,7.0543871999999965e-06
326,2.3326015838969982e-08,2.243521563032013e-08,7.0543871999999965e-06
327,2.3323874091174782e-08,2.1525755659375853e-08,7.0543871999999965e-06
328,2.3375259341420643e-08,2.1305814922120806e-08,7.0543871999999965e-06
329,2.2924401280177296e-08,2.465656731412569e-08,7.0543871999999965e-06
330,2.308210311301599e-08,2.6667379165582462e-08,7.0543871999999965e-06
331,2.291422545543674e-08,2.1490790612184817e-08,7.0543871999999965e-06
332,2.2877864933676183e-08,2.9789633856862026e-08,7.0543871999999965e-06
333,2.300004784707252e-08,2.2424030824877473e-08,7.0543871999999965e-06
334,2.269512802868163e-08,2.5930450742783834e-08,7.0543871999999965e-06
335,2.2770666518213406e-08,1.9904829768070227e-08,7.0543871999999965e-06
336,2.2861252222466576e-08,2.596775145499209e-08,7.0543871999999965e-06
337,2.263824207422391e-08,3.142235537483889e-08,7.0543871999999965e-06
338,2.2730586299470173e-08,2.0200070118429686e-08,7.0543871999999965e-06
339,2.257738568870515e-08,2.2469923053991294e-08,7.0543871999999965e-06
340,2.2432953535856483e-08,2.03904050923521e-08,7.0543871999999965e-06
341,2.2629878740401722e-08,2.4646709357318154e-08,7.0543871999999965e-06
342,2.2632594406330034e-08,2.2197942659287068e-08,7.0543871999999965e-06
343,2.2510081561323606e-08,2.1771844673706823e-08,7.0543871999999965e-06
344,2.2295780844099926e-08,3.843376002613619e-08,7.0543871999999965e-06
345,2.2161229683221165e-08,2.0564219906348744e-08,7.0543871999999965e-06
346,2.2543531576823272e-08,2.0963844196566937e-08,7.0543871999999965e-06
347,2.2402548702276698e-08,1.868319279513418e-08,7.0543871999999965e-06
348,2.214441431627638e-08,2.5185985824281447e-08,7.0543871999999965e-06
349,2.2081157712055793e-08,2.0926174463887246e-08,7.0543871999999965e-06
350,2.229186652702653e-08,2.4782126315915182e-08,7.0543871999999965e-06
351,2.2110270796664968e-08,4.3135063677634404e-08,7.0543871999999965e-06
352,2.2006741470243688e-08,3.8521833489403536e-08,7.0543871999999965e-06
353,2.190538677842382e-08,2.601106483017023e-08,7.0543871999999965e-06
354,2.1798105151282935e-08,2.486076640095679e-08,7.0543871999999965e-06
355,2.1776571217513964e-08,1.7327519121740396e-08,7.0543871999999965e-06
356,2.179911403713995e-08,1.6146564201859332e-08,7.0543871999999965e-06
357,2.1526545460658404e-08,1.8000898022368837e-08,7.0543871999999965e-06
358,2.1780050669669826e-08,2.1987222448887683e-08,7.0543871999999965e-06
359,2.1568237106008232e-08,2.505671245766744e-08,7.0543871999999965e-06
360,2.1800509606768846e-08,2.328567635339214e-08,7.0543871999999965e-06
361,2.15052329235375e-08,2.0474644665891082e-08,7.0543871999999965e-06
362,2.1497478675835155e-08,2.871956365770234e-08,7.0543871999999965e-06
363,2.1497302932571695e-08,2.3330866421188482e-08,7.0543871999999965e-06
364,2.137947555058145e-08,1.9601069826552806e-08,7.0543871999999965e-06
365,2.154393962269172e-08,2.2459831885778305e-08,7.0543871999999965e-06
366,2.1290815723411687e-08,2.4497164267908213e-08,7.0543871999999965e-06
367,2.1272907514027236e-08,1.7541759190220864e-08,7.0543871999999965e-06
368,2.1144017632935827e-08,1.7635345969277688e-08,7.0543871999999965e-06
369,2.1141487853395237e-08,2.0951331524341608e-08,7.0543871999999965e-06
370,2.1252813992162952e-08,1.6781489627428687e-08,7.0543871999999965e-06
371,2.110671756477264e-08,2.407646641276344e-08,7.0543871999999965e-06
372,2.121524654961736e-08,3.936666967710442e-08,4.232632319999998e-06
373,1.731019752865559e-08,1.662491226412341e-08,4.232632319999998e-06
374,1.747154783213247e-08,1.722475663358846e-08,4.232632319999998e-06
375,1.7343081625361534e-08,2.062352060179687e-08,4.232632319999998e-06
376,1.747773678104485e-08,1.7594351702142176e-08,4.232632319999998e-06
377,1.734763811412622e-08,2.398688278663518e-08,4.232632319999998e-06
378,1.741408082459028e-08,1.581857432545272e-08,4.232632319999998e-06
379,1.7338258101337896e-08,1.6048021085415794e-08,4.232632319999998e-06
380,1.7300027265448957e-08,1.5924104983006952e-08,4.232632319999998e-06
381,1.7231252787996777e-08,1.6210717392367427e-08,4.232632319999998e-06
382,1.7195370862191318e-08,1.832215620283452e-08,4.232632319999998e-06
383,1.7232411942226772e-08,1.7591982657046644e-08,4.232632319999998e-06
384,1.7132818126914245e-08,1.5760208131699055e-08,4.232632319999998e-06
385,1.7208287375889614e-08,1.7990893133640568e-08,4.232632319999998e-06
386,1.7149275517148358e-08,1.9161686595333605e-08,4.232632319999998e-06
387,1.7210397014242357e-08,2.0283830879676565e-08,4.232632319999998e-06
388,1.7081658580244473e-08,1.611238822185026e-08,4.232632319999998e-06
389,1.7017699493723515e-08,2.1876810196093448e-08,4.232632319999998e-06
390,1.711312108824593e-08,1.800846288437689e-08,4.232632319999998e-06
391,1.698878244905392e-08,2.1834820181496918e-08,4.232632319999998e-06
392,1.6929817026501508e-08,1.8347711729730002e-08,4.232632319999998e-06
393,1.6906856906835403e-08,1.7820162081917697e-08,4.232632319999998e-06
394,1.6957461843545222e-08,1.5803771706952985e-08,4.232632319999998e-06
395,1.694669816476839e-08,2.1257575502361253e-08,4.232632319999998e-06
396,1.680123533229225e-08,1.812906259430545e-08,4.232632319999998e-06
397,1.6878834106911845e-08,2.00586084094407e-08,4.232632319999998e-06
398,1.6812314320110423e-08,1.6212297487016365e-08,4.232632319999998e-06
399,1.6780798966413422e-08,1.5229109002356636e-08,4.232632319999998e-06
400,1.6754682343521178e-08,1.8674166692820986e-08,4.232632319999998e-06
401,1.675375616520646e-08,1.6525750096889043e-08,4.232632319999998e-06
402,1.670811033619669e-08,1.6681696675614882e-08,4.232632319999998e-06
403,1.6778866928162608e-08,1.7726366453659888e-08,4.232632319999998e-06
404,1.6657086023523305e-08,1.732058597921093e-08,4.232632319999998e-06
405,1.6652088123716505e-08,1.5430865871283482e-08,4.232632319999998e-06
406,1.6696921845198094e-08,2.1868855965874332e-08,4.232632319999998e-06
407,1.6525270635027483e-08,1.9658679389158075e-08,4.232632319999998e-06
408,1.6588194109032534e-08,1.6025363972712013e-08,4.232632319999998e-06
409,1.6512036718370162e-08,1.9227330297951476e-08,4.232632319999998e-06
410,1.639713038963496e-08,1.5485902013768066e-08,4.232632319999998e-06
411,1.6493307237420906e-08,1.8232890125930923e-08,4.232632319999998e-06
412,1.64503284412194e-08,1.6389162426756478e-08,4.232632319999998e-06
413,1.638124640160262e-08,1.6235920056345682e-08,4.232632319999998e-06
414,1.6353448225139456e-08,1.9385585216948963e-08,4.232632319999998e-06
415,1.6333898340867105e-08,1.5666360989335222e-08,2.5395793919999987e-06
416,1.4457882673732734e-08,1.4177522087034782e-08,2.5395793919999987e-06
417,1.4400358550575555e-08,1.9684900033674968e-08,2.5395793919999987e-06
418,1.4466687501841902e-08,1.3917585943689435e-08,2.5395793919999987e-06
419,1.4461025112657175e-08,1.5461649470386116e-08,2.5395793919999987e-06
420,1.4344427722754956e-08,1.5283850493548e-08,2.5395793919999987e-06
421,1.4446527695194293e-08,1.6231184683710904e-08,2.5395793919999987e-06
422,1.4438643177647229e-08,1.4167202318846518e-08,2.5395793919999987e-06
423,1.4342538045704647e-08,1.4627524181136743e-08,2.5395793919999987e-06
424,1.4312022650449974e-08,1.4751762590342407e-08,2.5395793919999987e-06
425,1.4311320553982261e-08,1.4138846217203743e-08,2.5395793919999987e-06
426,1.4306690642352265e-08,1.5034846220691313e-08,2.5395793919999987e-06
427,1.428592644508527e-08,1.507976168843685e-08,2.5395793919999987e-06
428,1.430948753147381e-08,1.8188408668569304e-08,2.5395793919999987e-06
429,1.4278911837565829e-08,1.620952228165419e-08,2.5395793919999987e-06
430,1.4289082681497139e-08,1.4977349712017008e-08,2.5395793919999987e-06
431,1.4189371786259802e-08,1.8542442178211e-08,2.5395793919999987e-06
432,1.4212306499100092e-08,1.6171791129707317e-08,2.5395793919999987e-06
433,1.4228738419176788e-08,1.598899529426208e-08,2.5395793919999987e-06
434,1.4175083125889363e-08,1.6605574881942133e-08,1.5237476351999991e-06
435,1.3079254392324484e-08,1.3087585128343165e-08,1.5237476351999991e-06
436,1.3079718863472048e-08,1.3327417377531232e-08,1.5237476351999991e-06
437,1.3104543507943648e-08,1.2973895168517091e-08,1.5237476351999991e-06
438,1.306628995542666e-08,1.3041743647129545e-08,1.5237476351999991e-06
439,1.3026234150929827e-08,1.3972133129801743e-08,1.5237476351999991e-06
440,1.3038329305026766e-08,1.3711258906268609e-08,1.5237476351999991e-06
441,1.3058884018212847e-08,1.2742077048722868e-08,1.5237476351999991e-06
442,1.3006478152252375e-08,1.4242371329287172e-08,1.5237476351999991e-06
443,1.2985345838687541e-08,1.3267190325287653e-08,1.5237476351999991e-06
444,1.2986318813431599e-08,1.2479774858186077e-08,1.5237476351999991e-06
445,1.2963896451230839e-08,1.4108616207973256e-08,1.5237476351999991e-06
446,1.295158758142016e-08,1.3054869067092277e-08,1.5237476351999991e-06
447,1.296389178362849e-08,1.3259138919993315e-08,1.5237476351999991e-06
448,1.2973748243076205e-08,1.3322662758005612e-08,1.5237476351999991e-06
449,1.2947134510334981e-08,1.4230070078380629e-08,1.5237476351999991e-06
450,1.297878879953067e-08,1.2222726500610683e-08,1.5237476351999991e-06
451,1.2968765077008488e-08,1.329451475782116e-08,1.5237476351999991e-06
452,1.2914922883531349e-08,1.3128442150631726e-08,1.5237476351999991e-06
453,1.290173670995135e-08,1.2671957218856653e-08,1.5237476351999991e-06
454,1.2903901367836147e-08,1.3283825347831314e-08,1.5237476351999991e-06
455,1.2874371125190501e-08,1.3707047544338846e-08,1.5237476351999991e-06
456,1.2870004847595094e-08,1.2800143818907842e-08,1.5237476351999991e-06
457,1.2867687235344982e-08,1.287039884542099e-08,1.5237476351999991e-06
458,1.2850382476740355e-08,1.3106909228729756e-08,1.5237476351999991e-06
459,1.2870142715113645e-08,1.3482165231374847e-08,1.5237476351999991e-06
460,1.2853960357359527e-08,1.2706722248838198e-08,1.5237476351999991e-06
461,1.2814759638124756e-08,1.391441159095326e-08,1.5237476351999991e-06
462,1.2849022744187726e-08,1.2661875723772361e-08,1.5237476351999991e-06
463,1.2840325220189886e-08,1.3010456484709476e-08,1.5237476351999991e-06
464,1.2795965214221686e-08,1.2727534132045336e-08,1.5237476351999991e-06
465,1.2810383251462825e-08,1.2693761556061519e-08,1.5237476351999991e-06
466,1.2771606168613664e-08,1.2838946527175468e-08,9.142485811199994e-07
467,1.2147260487322147e-08,1.2356985994604147e-08,9.142485811199994e-07
468,1.2120414655970913e-08,1.248686956271902e-08,9.142485811199994e-07
469,1.2132258252666942e-08,1.2277196012286009e-08,9.142485811199994e-07
470,1.2121017362494985e-08,1.2321403188418678e-08,9.142485811199994e-07
471,1.2101716302613238e-08,1.210079717398668e-08,9.142485811199994e-07
472,1.2099117821534459e-08,1.2226990244634219e-08,9.142485811199994e-07
473,1.2096318836580116e-08,1.230481211198958e-08,9.142485811199994e-07
474,1.2087168887672819e-08,1.221670074695788e-08,9.142485811199994e-07
475,1.2082431097604856e-08,1.236601891668932e-08,9.142485811199994e-07
476,1.2095993793435666e-08,1.2109883043441848e-08,9.142485811199994e-07
477,1.2071093652332744e-08,1.1962385751461396e-08,9.142485811199994e-07
478,1.206153744510388e-08,1.232742887575416e-08,9.142485811199994e-07
479,1.2074872976776476e-08,1.2594690954093217e-08,9.142485811199994e-07
480,1.2021746324854217e-08,1.2161589056661799e-08,9.142485811199994e-07
481,1.2053829457665788e-08,1.2332895684262547e-08,9.142485811199994e-07
482,1.2030926343820091e-08,1.2062871495473094e-08,9.142485811199994e-07
483,1.202455009660517e-08,1.2501137896956892e-08,9.142485811199994e-07
484,1.2033570105897651e-08,1.2205735349342174e-08,9.142485811199994e-07
485,1.2018569842223583e-08,1.2006507567101404e-08,9.142485811199994e-07
486,1.2009187711850299e-08,1.2844834774854911e-08,9.142485811199994e-07
487,1.1999075726194606e-08,1.2396848531586967e-08,9.142485811199994e-07
488,1.1985766622911885e-08,1.196781690771025e-08,9.142485811199994e-07
489,1.1999004672057824e-08,1.1721419673088284e-08,9.142485811199994e-07
490,1.1988943982652368e-08,1.2643680422264365e-08,9.142485811199994e-07
491,1.2015836630651061e-08,1.329229099412359e-08,9.142485811199994e-07
492,1.1965638977950222e-08,1.285932291296328e-08,9.142485811199994e-07
493,1.1967905254129433e-08,1.2278074566283193e-08,9.142485811199994e-07
494,1.1965725739809369e-08,1.2768463887669203e-08,9.142485811199994e-07
495,1.1959602002005653e-08,1.2167498694999709e-08,9.142485811199994e-07
496,1.1977101620520005e-08,1.2002884457327343e-08,9.142485811199994e-07
497,1.1944400408188505e-08,1.2447894636409587e-08,9.142485811199994e-07
498,1.1906741514751697e-08,1.3198648470120397e-08,9.142485811199994e-07
499,1.1941449103826385e-08,1.2436638798298855e-08,9.142485811199994e-07
500,1.1960135455130338e-08,1.2361787785952015e-08,9.142485811199994e-07
501,1.1937051144394086e-08,1.1941311355199815e-08,9.142485811199994e-07
502,1.1932571152598298e-08,1.2724776694879069e-08,9.142485811199994e-07
503,1.192269940993638e-08,1.2336782410644431e-08,9.142485811199994e-07
504,1.1911335855777711e-08,1.2374724720766955e-08,9.142485811199994e-07
505,1.1940116013612978e-08,1.1884373189287585e-08,5.485491486719996e-07
506,1.1500336964314314e-08,1.188951940150767e-08,5.485491486719996e-07
507,1.1513593715031262e-08,1.1740187220686424e-08,5.485491486719996e-07
508,1.1519261140395439e-08,1.1856102600204562e-08,5.485491486719996e-07
509,1.1496777930435593e-08,1.1723143338009137e-08,5.485491486719996e-07
510,1.1497146093767034e-08,1.1550040832474312e-08,5.485491486719996e-07
511,1.1493397834579923e-08,1.1729040834641242e-08,5.485491486719996e-07
512,1.1483978244242448e-08,1.1472535587628606e-08,5.485491486719996e-07
513,1.14640143837408e-08,1.1700616456704669e-08,5.485491486719996e-07
514,1.1491405940485012e-08,1.170368177223376e-08,5.485491486719996e-07
515,1.1472803387022373e-08,1.1618185366862675e-08,5.485491486719996e-07
516,1.1455939894265012e-08,1.1856656369158491e-08,5.485491486719996e-07
517,1.1471596104107132e-08,1.1577085374727939e-08,5.485491486719996e-07
518,1.1452749721682478e-08,1.2121252786704361e-08,5.485491486719996e-07
519,1.1465411050838657e-08,1.15480597952718e-08,5.485491486719996e-07
520,1.1462062267969191e-08,1.1552193004152685e-08,5.485491486719996e-07
521,1.146021084113084e-08,1.1650265298118775e-08,5.485491486719996e-07
522,1.1448710617731767e-08,1.2003195884964475e-08,5.485491486719996e-07
523,1.1458616000439088e-08,1.1862881327070788e-08,5.485491486719996e-07
524,1.145211963123873e-08,1.329591480702229e-08,5.485491486719996e-07
525,1.1441013052606181e-08,1.1385215503029599e-08,5.485491486719996e-07
526,1.1443428929706451e-08,1.2022018139217661e-08,5.485491486719996e-07
527,1.1442118168347916e-08,1.1840409139281406e-08,5.485491486719996e-07
528,1.145094830138132e-08,1.1528683329714702e-08,5.485491486719996e-07
529,1.143439410417457e-08,1.1507980384301197e-08,5.485491486719996e-07
530,1.1405655884864687e-08,1.2200093845960382e-08,5.485491486719996e-07
531,1.1415475117157507e-08,1.1681778918200414e-08,5.485491486719996e-07
532,1.1423178276936738e-08,1.1466212276562795e-08,5.485491486719996e-07
533,1.1415789899710939e-08,1.1422181997493556e-08,5.485491486719996e-07
534,1.1422816603355217e-08,1.1496028829902073e-08,5.485491486719996e-07
535,1.1404925022033717e-08,1.185869949829094e-08,5.485491486719996e-07
536,1.1393247255493634e-08,1.1577717831326217e-08,5.485491486719996e-07
537,1.1391014282298049e-08,1.1469261588160298e-08,5.485491486719996e-07
538,1.1395706699127203e-08,1.1607638207458177e-08,5.485491486719996e-07
539,1.1393117129868621e-08,1.1598682279252312e-08,5.485491486719996e-07
540,1.1385080025771205e-08,1.1499213341007444e-08,5.485491486719996e-07
541,1.1381648790579461e-08,1.1679344406565958e-08,3.2912948920319975e-07
542,1.1134251269805695e-08,1.134338107113735e-08,3.2912948920319975e-07
543,1.1125610727843741e-08,1.14383939141549e-08,3.2912948920319975e-07
544,1.113365232032023e-08,1.1344698409544882e-08,3.2912948920319975e-07
545,1.1130933220004841e-08,1.1313330596522127e-08,3.2912948920319975e-07
546,1.1123541952666967e-08,1.1502359087894967e-08,3.2912948920319975e-07
547,1.1124388451523595e-08,1.14381814198306e-08,3.2912948920319975e-07
548,1.1122062214331291e-08,1.1560713309589792e-08,3.2912948920319975e-07
549,1.1122110289328898e-08,1.1596062608458855e-08,3.2912948920319975e-07
550,1.112005955484513e-08,1.1661303090924922e-08,3.2912948920319975e-07
551,1.1115130023976178e-08,1.1465264877423335e-08,3.2912948920319975e-07
552,1.111830934280651e-08,1.1587688229817637e-08,3.2912948920319975e-07
553,1.1115272150333877e-08,1.1199368238420989e-08,3.2912948920319975e-07
554,1.1110630290615294e-08,1.1449291970821506e-08,3.2912948920319975e-07
555,1.1113019767694762e-08,1.1236959271950074e-08,3.2912948920319975e-07
556,1.1104312577439608e-08,1.1279003452743616e-08,3.2912948920319975e-07
557,1.110481030934843e-08,1.1395121478041633e-08,3.2912948920319975e-07
558,1.1104188454633455e-08,1.1494583595553058e-08,3.2912948920319975e-07
559,1.1088088354655487e-08,1.1489493877257046e-08,3.2912948920319975e-07
560,1.1097529331131698e-08,1.1487257720498202e-08,3.2912948920319975e-07
561,1.110892539952314e-08,1.138314994262579e-08,3.2912948920319975e-07
562,1.1100515510192777e-08,1.1424718854538975e-08,3.2912948920319975e-07
563,1.1079952030817133e-08,1.1370256137074853e-08,3.2912948920319975e-07
564,1.10690595833566e-08,1.1831702383717478e-08,3.2912948920319975e-07
565,1.108551286335844e-08,1.1550550352547432e-08,3.2912948920319975e-07
566,1.1078074279794485e-08,1.1482652367014475e-08,3.2912948920319975e-07
567,1.1074240318493377e-08,1.1199407937006442e-08,3.2912948920319975e-07
568,1.1078271975157404e-08,1.1171591910666078e-08,3.2912948920319975e-07
569,1.108487084949979e-08,1.1332697062436991e-08,3.2912948920319975e-07
570,1.1067029185686194e-08,1.13577958471778e-08,3.2912948920319975e-07
571,1.1070996837754685e-08,1.1569433791244757e-08,3.2912948920319975e-07
572,1.1068032144764092e-08,1.1318429924263759e-08,3.2912948920319975e-07
573,1.1067116122656986e-08,1.1577935017014793e-08,3.2912948920319975e-07
574,1.1071765865336692e-08,1.123342191255262e-08,3.2912948920319975e-07
575,1.1063300913325614e-08,1.1279363137637148e-08,3.2912948920319975e-07
576,1.1066738549228222e-08,1.1173468109828374e-08,3.2912948920319975e-07
577,1.105283939404391e-08,1.1717391990418809e-08,3.2912948920319975e-07
578,1.1069855036727444e-08,1.1381352822492604e-08,3.2912948920319975e-07
579,1.105200760156957e-08,1.1242944058929234e-08,3.2912948920319975e-07
580,1.1048644357145423e-08,1.1484730320878212e-08,3.2912948920319975e-07
581,1.1041635568578396e-08,1.1499372340820393e-08,3.2912948920319975e-07
582,1.1047257583683464e-08,1.1325869919946976e-08,3.2912948920319975e-07
583,1.1041375241392202e-08,1.1172257547929515e-08,3.2912948920319975e-07
584,1.1052830129280184e-08,1.1503696513689575e-08,1.9747769352191985e-07
585,1.0891824932986545e-08,1.1118481011332805e-08,1.9747769352191985e-07
586,1.0890864109297834e-08,1.1127347693518488e-08,1.9747769352191985e-07
587,1.088972227019112e-08,1.1225673136289273e-08,1.9747769352191985e-07
588,1.0894722062574736e-08,1.1191983573787133e-08,1.9747769352191985e-07
589,1.088679031860474e-08,1.1148010528794559e-08,1.9747769352191985e-07
590,1.0884644257522567e-08,1.1114176882045624e-08,1.9747769352191985e-07
591,1.0874248718826143e-08,1.1106319395002747e-08,1.9747769352191985e-07
592,1.0885646205761037e-08,1.1263804664114298e-08,1.9747769352191985e-07
593,1.087945597119643e-08,1.1156598657497799e-08,1.9747769352191985e-07
594,1.087405715084257e-08,1.1151647526935424e-08,1.9747769352191985e-07
595,1.0880164334530132e-08,1.1066970270389872e-08,1.9747769352191985e-07
596,1.0875464669066189e-08,1.1184241015108844e-08,1.9747769352191985e-07
597,1.0876081319232049e-08,1.1143097963115044e-08,1.9747769352191985e-07
598,1.0877691567438589e-08,1.143806555585554e-08,1.9747769352191985e-07
599,1.087438533813292e-08,1.112594842268605e-08,1.9747769352191985e-07
600,1.0862163390597473e-08,1.1183375949026271e-08,1.9747769352191985e-07
601,1.0865996913673916e-08,1.1204084714011465e-08,1.9747769352191985e-07
602,1.0866357883768132e-08,1.1109140324548195e-08,1.9747769352191985e-07
603,1.0867851199865288e-08,1.1164918119268065e-08,1.9747769352191985e-07
604,1.0864331965290124e-08,1.1195059778715862e-08,1.9747769352191985e-07
605,1.0863341655060057e-08,1.1090344787983821e-08,1.9747769352191985e-07
606,1.0858748193627677e-08,1.1056224552155075e-08,1.9747769352191985e-07
607,1.0854956588969889e-08,1.106933787756265e-08,1.9747769352191985e-07
608,1.0862677340344309e-08,1.1123990441985608e-08,1.9747769352191985e-07
609,1.085609272863894e-08,1.1102082631240531e-08,1.9747769352191985e-07
610,1.0866594435339358e-08,1.1097813757403295e-08,1.9747769352191985e-07
611,1.0861989824684166e-08,1.1168290613021341e-08,1.9747769352191985e-07
612,1.0857362393101551e-08,1.1121205083186604e-08,1.9747769352191985e-07
613,1.0857338785504492e-08,1.1089053013043536e-08,1.9747769352191985e-07
614,1.0859130853095261e-08,1.1046010020153278e-08,1.9747769352191985e-07
615,1.0852187977975137e-08,1.1176032703867037e-08,1.9747769352191985e-07
616,1.0853116190694437e-08,1.119345662923764e-08,1.9747769352191985e-07
617,1.0850377371152373e-08,1.1139478677757137e-08,1.9747769352191985e-07
618,1.0850797335356454e-08,1.1176156293356736e-08,1.9747769352191985e-07
619,1.0850760607639478e-08,1.1200321754457926e-08,1.9747769352191985e-07
620,1.0842191273392659e-08,1.1193091255523224e-08,1.9747769352191985e-07
621,1.0840042616031402e-08,1.104487672133484e-08,1.9747769352191985e-07
622,1.0836480992017594e-08,1.1101633955301444e-08,1.9747769352191985e-07
623,1.0843236432983343e-08,1.108496193282771e-08,1.9747769352191985e-07
624,1.0834361186664215e-08,1.1207825870815201e-08,1.9747769352191985e-07
625,1.0835650761833494e-08,1.1040135109509503e-08,1.9747769352191985e-07
626,1.0838475053507981e-08,1.1161634796197117e-08,1.9747769352191985e-07
627,1.0835637150905392e-08,1.115182412214717e-08,1.9747769352191985e-07
628,1.083392647879764e-08,1.1172894341519626e-08,1.9747769352191985e-07
629,1.083222197241057e-08,1.1078954849830444e-08,1.9747769352191985e-07
630,1.0835734402746964e-08,1.1035517355382252e-08,1.9747769352191985e-07
631,1.0825381145949749e-08,1.1053256444687899e-08,1.9747769352191985e-07
632,1.0827568883349074e-08,1.1141180912083739e-08,1.9747769352191985e-07
633,1.0833348407520055e-08,1.1094345274508925e-08,1.9747769352191985e-07
634,1.082661598967854e-08,1.1118145474324042e-08,1.9747769352191985e-07
635,1.082330371900553e-08,1.113264373447716e-08,1.9747769352191985e-07
636,1.0829831998162006e-08,1.1073199244025504e-08,1.9747769352191985e-07
637,1.0823033680035102e-08,1.1115489587276779e-08,1.9747769352191985e-07
638,1.0825238703164637e-08,1.1197202412245209e-08,1.9747769352191985e-07
639,1.0821148649866796e-08,1.1195062524818926e-08,1.9747769352191985e-07
640,1.0818511108913346e-08,1.1162465319881657e-08,1.9747769352191985e-07
641,1.0821926107754971e-08,1.1154526099975544e-08,1.9747769352191985e-07
642,1.0807248168693689e-08,1.1417975867980177e-08,1.9747769352191985e-07
643,1.0811634179040764e-08,1.1195962255811483e-08,1.9747769352191985e-07
644,1.0813255659877175e-08,1.1157857659236745e-08,1.9747769352191985e-07
645,1.0819773065270479e-08,1.1161006759307542e-08,1.9747769352191985e-07
646,1.0813463595605177e-08,1.0975829705113906e-08,1.9747769352191985e-07
647,1.0809191103290373e-08,1.107211134232181e-08,1.9747769352191985e-07
648,1.080258230259493e-08,1.1154522334724385e-08,1.9747769352191985e-07
649,1.0808354292634733e-08,1.1046362961261473e-08,1.9747769352191985e-07
650,1.0806174025358833e-08,1.1149220087874517e-08,1.9747769352191985e-07
651,1.0805416315529547e-08,1.101571314963303e-08,1.9747769352191985e-07
652,1.0790656061848447e-08,1.1156744106948107e-08,1.9747769352191985e-07
653,1.0802329094820323e-08,1.1034749829761147e-08,1.9747769352191985e-07
654,1.0799820286927524e-08,1.1686220829095256e-08,1.9747769352191985e-07
655,1.079529557821765e-08,1.1167309391164365e-08,1.9747769352191985e-07
656,1.0802249806942184e-08,1.106109819700812e-08,1.9747769352191985e-07
657,1.0795002179526316e-08,1.1361423231949036e-08,1.9747769352191985e-07
658,1.0797028368195446e-08,1.1076406624773492e-08,1.9747769352191985e-07
659,1.0792766781665282e-08,1.102434818481888e-08,1.9747769352191985e-07
660,1.0794501713637907e-08,1.1006512260294746e-08,1.9747769352191985e-07
661,1.0788765100735651e-08,1.1002970383838765e-08,1.9747769352191985e-07
662,1.0788405453533806e-08,1.1191427102347614e-08,1.184866161131519e-07
663,1.0697413752426659e-08,1.0990628123680731e-08,1.184866161131519e-07
664,1.0695603243677202e-08,1.0934063878819573e-08,1.184866161131519e-07
665,1.0696222701988317e-08,1.1030392641621457e-08,1.184866161131519e-07
666,1.0688294206233002e-08,1.1131071648535964e-08,1.184866161131519e-07
667,1.0694886990806507e-08,1.1032143850102214e-08,1.184866161131519e-07
668,1.0693942888175099e-08,1.1041273113848354e-08,1.184866161131519e-07
669,1.0695366361780318e-08,1.0987597556614884e-08,1.184866161131519e-07
670,1.0689100451671835e-08,1.0929489465094608e-08,1.184866161131519e-07
671,1.0689481303417725e-08,1.097411816607775e-08,1.184866161131519e-07
672,1.069146812970647e-08,1.10282828089413e-08,1.184866161131519e-07
673,1.0687909631367495e-08,1.108960145961027e-08,1.184866161131519e-07
674,1.0683260691651515e-08,1.0926062392709045e-08,1.184866161131519e-07
675,1.0685518008128806e-08,1.0928955138067294e-08,1.184866161131519e-07
676,1.06834576336404e-08,1.1018664229768212e-08,1.184866161131519e-07
677,1.06856620761117e-08,1.0985006265625253e-08,1.184866161131519e-07
678,1.0677898089735377e-08,1.0954224518717584e-08,1.184866161131519e-07
679,1.0679648491522574e-08,1.0958051992557713e-08,1.184866161131519e-07
680,1.067987645076324e-08,1.0973700534610631e-08,1.184866161131519e-07
681,1.0678588972241657e-08,1.0930702313690395e-08,1.184866161131519e-07
682,1.0679693456066582e-08,1.097631245502436e-08,1.184866161131519e-07
683,1.067872522995563e-08,1.1042311064788561e-08,1.184866161131519e-07
684,1.0682271967591973e-08,1.0944355960620245e-08,1.184866161131519e-07
685,1.0678304781708793e-08,1.0992030295716223e-08,1.184866161131519e-07
686,1.0673738222695741e-08,1.0992243573005464e-08,1.184866161131519e-07
687,1.067912966697384e-08,1.1041411499878528e-08,1.184866161131519e-07
688,1.0681638504113146e-08,1.0997275450293121e-08,1.184866161131519e-07
689,1.0674278068749678e-08,1.0968039433420559e-08,1.184866161131519e-07
690,1.0676337880603403e-08,1.1082744325682001e-08,1e-07
691,1.0650095647218171e-08,1.1016803983556648e-08,1e-07
692,1.0646010883101787e-08,1.0907538205098977e-08,1e-07
693,1.0650173416443277e-08,1.0990858449938737e-08,1e-07
694,1.065251893438159e-08,1.1032933535362557e-08,1e-07
695,1.064960342270421e-08,1.0903930352662908e-08,1e-07
696,1.0646340272680291e-08,1.0956203441011922e-08,1e-07
697,1.0650035921050649e-08,1.0960757423998988e-08,1e-07
698,1.0645249090506462e-08,1.0977755363240933e-08,1e-07
699,1.0645622877413657e-08,1.0924261917751067e-08,1e-07
700,1.0650003377346637e-08,1.1013698968691695e-08,1e-07
701,1.0644052223230144e-08,1.0899721915988343e-08,1e-07
702,1.064388368141349e-08,1.095707883052222e-08,1e-07
703,1.0644691678539384e-08,1.0920457365831993e-08,1e-07
704,1.0646011314224903e-08,1.0918491371030249e-08,1e-07
705,1.0641774807810158e-08,1.0918839820867378e-08,1e-07
706,1.0640199944854013e-08,1.0978952161575245e-08,1e-07
707,1.0641225104341355e-08,1.0906830989422906e-08,1e-07
708,1.0637344859614854e-08,1.097955200655226e-08,1e-07
709,1.0641115446138428e-08,1.0924188636000275e-08,1e-07
710,1.0636490586649759e-08,1.0915864427272995e-08,1e-07
711,1.0639294497633309e-08,1.0972556537551221e-08,1e-07
712,1.0637694879255406e-08,1.0958701589064844e-08,1e-07
713,1.063967097999506e-08,1.1032205961714731e-08,1e-07
714,1.0640567150934004e-08,1.1024483132119251e-08,1e-07
715,1.063091608510163e-08,1.0938872823519304e-08,1e-07
716,1.0628965327729168e-08,1.092606675222094e-08,1e-07
717,1.0635437888253459e-08,1.0903554176103748e-08,1e-07
718,1.0637210191561598e-08,1.0950363069819265e-08,1e-07
719,1.0634188020696833e-08,1.094685284968368e-08,1e-07
720,1.0629690405632239e-08,1.0893707973291127e-08,1e-07
721,1.0634066338306955e-08,1.0934711837412356e-08,1e-07
722,1.062981764858285e-08,1.0886459998202176e-08,1e-07
723,1.0630373182455661e-08,1.0898548548914628e-08,1e-07
724,1.0629048424623633e-08,1.0872164299775403e-08,1e-07
725,1.0629597431573797e-08,1.0902888435987491e-08,1e-07
726,1.0625783577714185e-08,1.0917796772662426e-08,1e-07
727,1.0628602919657015e-08,1.0926007167561036e-08,1e-07
728,1.062411603863445e-08,1.0914502474340456e-08,1e-07
729,1.0627033557920471e-08,1.095502511434991e-08,1e-07
730,1.0625502098529358e-08,1.0943164008507877e-08,1e-07
731,1.0629140293114923e-08,1.0924350923937672e-08,1e-07
732,1.0623860181035774e-08,1.0906748993971528e-08,1e-07
733,1.0622789943557454e-08,1.0897229081638204e-08,1e-07
734,1.0621951915206773e-08,1.0890529395592803e-08,1e-07
735,1.0623314342678509e-08,1.0917831397644442e-08,1e-07
736,1.0618591715729602e-08,1.1019112460293149e-08,1e-07
737,1.0622130499766478e-08,1.0868417393711658e-08,1e-07
738,1.0619802989596867e-08,1.0912949495065393e-08,1e-07
739,1.0620601100481543e-08,1.0951312451021204e-08,1e-07
740,1.0620161044956133e-08,1.0922399775922483e-08,1e-07
741,1.0617968084454551e-08,1.0909221118666434e-08,1e-07
742,1.06167356106698e-08,1.096167931131648e-08,1e-07
743,1.061661796228485e-08,1.0913794539148018e-08,1e-07
744,1.0617470277102019e-08,1.0873534298709405e-08,1e-07
745,1.0613490298235332e-08,1.0932868581817505e-08,1e-07
746,1.0616712540414256e-08,1.0901725729751593e-08,1e-07
747,1.0613485316648316e-08,1.0920148997976356e-08,1e-07
748,1.061414752834764e-08,1.0999912469796504e-08,1e-07
749,1.0612360876292769e-08,1.0931121760222907e-08,1e-07
750,1.061704336165278e-08,1.0924350095956058e-08,1e-07
751,1.0613942190094689e-08,1.091366259505931e-08,1e-07
752,1.0614441141269725e-08,1.097633686777976e-08,1e-07
753,1.0615187500431758e-08,1.0918612636333878e-08,1e-07
754,1.0614917191887737e-08,1.092361542470544e-08,1e-07
755,1.061142756953417e-08,1.0866489674471342e-08,1e-07
756,1.0608521885892265e-08,1.112311478287554e-08,1e-07
757,1.0610631020720866e-08,1.0958399870372766e-08,1e-07
758,1.0606377562467979e-08,1.0879757683101753e-08,1e-07
759,1.0602626116283345e-08,1.0923086820767652e-08,1e-07
760,1.0602282081400968e-08,1.1001548244121933e-08,1e-07
761,1.0606208454176647e-08,1.0966512296537895e-08,1e-07
762,1.059713632418772e-08,1.0872228941420331e-08,1e-07
763,1.0606611359251332e-08,1.0902580849588163e-08,1e-07
764,1.0603968794484588e-08,1.0987723364240784e-08,1e-07
765,1.060515887305018e-08,1.0926169566277439e-08,1e-07
766,1.0597075985551552e-08,1.0908892512482244e-08,1e-07
767,1.0603869744035696e-08,1.090477493466607e-08,1e-07
768,1.059751379060859e-08,1.0917302567106837e-08,1e-07
769,1.059928422910123e-08,1.091557352523786e-08,1e-07
770,1.0604982135833504e-08,1.0877763561735492e-08,1e-07
771,1.0598735799928816e-08,1.0841548996862614e-08,1e-07
772,1.060008869848417e-08,1.0872807617984767e-08,1e-07
773,1.0594020638936987e-08,1.0857599635252934e-08,1e-07
774,1.0595985506329576e-08,1.0897529804077453e-08,1e-07
775,1.0599061543629275e-08,1.0940859539951546e-08,1e-07
776,1.0593260394002786e-08,1.0868384059939784e-08,1e-07
777,1.059997059400538e-08,1.0892539364743219e-08,1e-07
778,1.0589643603399727e-08,1.1103940508796522e-08,1e-07
779,1.0597051318330501e-08,1.095860679321344e-08,1e-07
780,1.0593458030481855e-08,1.0966607184798937e-08,1e-07
781,1.058982135154377e-08,1.0871756648564975e-08,1e-07
782,1.0588186360981232e-08,1.0863245641709085e-08,1e-07
783,1.059321396694395e-08,1.0873049019266813e-08,1e-07
784,1.0589959666389633e-08,1.0863214687207931e-08,1e-07
785,1.0590373297030998e-08,1.092975637167945e-08,1e-07
786,1.0586658046185485e-08,1.083606880688814e-08,1e-07
787,1.0592185081511224e-08,1.0848617036000815e-08,1e-07
788,1.0587096695693842e-08,1.0898932396294618e-08,1e-07
789,1.0589634890043821e-08,1.0887087173138534e-08,1e-07
790,1.058592312005618e-08,1.0855592299050285e-08,1e-07
791,1.058852832058505e-08,1.1006749020560214e-08,1e-07
792,1.0584679531723881e-08,1.0905720709859715e-08,1e-07
793,1.058622193139511e-08,1.1018618689137906e-08,1e-07
794,1.0589008210022837e-08,1.1047512498857985e-08,1e-07
795,1.058002947790482e-08,1.0914644573749827e-08,1e-07
796,1.0585398237752213e-08,1.087201361584509e-08,1e-07
797,1.058759182426893e-08,1.0880898940350586e-08,1e-07
798,1.0582720128475874e-08,1.0854798375781634e-08,1e-07
799,1.058405393240876e-08,1.0882201164982588e-08,1e-07
800,1.057514824117121e-08,1.0857258684940335e-08,1e-07
